id_num,img_url
1,https://cache.ymall.jp/webcom/item/multiimage/300/7585290017_001.jpg
2,https://cache.ymall.jp/webcom/item/multiimage/300/4120286016_001.jpg
3,https://cache.ymall.jp/webcom/item/multiimage/300/8995123018_001.jpg
4,https://cache.ymall.jp/webcom/item/multiimage/300/7650377018_001.jpg
5,https://cache.ymall.jp/webcom/item/multiimage/300/7596754010_001.jpg
6,https://cache.ymall.jp/webcom/item/multiimage/300/7658314015_001.jpg
7,https://cache.ymall.jp/webcom/item/multiimage/300/7597521017_001.jpg
8,https://cache.ymall.jp/webcom/item/multiimage/300/8969620017_001.jpg
9,https://cache.ymall.jp/webcom/item/multiimage/300/7655692017_001.jpg
10,https://cache.ymall.jp/webcom/item/multiimage/300/7863087018_001.jpg
11,https://cache.ymall.jp/webcom/item/multiimage/300/7656845016_001.jpg
12,https://cache.ymall.jp/webcom/item/multiimage/300/8851203014_001.jpg
13,https://cache.ymall.jp/webcom/item/multiimage/300/8967722010_001.jpg
14,https://cache.ymall.jp/webcom/item/multiimage/300/7659798012_001.jpg
15,https://cache.ymall.jp/webcom/item/multiimage/300/7790106011_001.jpg
16,https://cache.ymall.jp/webcom/item/multiimage/300/8994369011_001.jpg
17,https://cache.ymall.jp/webcom/item/multiimage/300/7650396019_001.jpg
18,https://cache.ymall.jp/webcom/item/multiimage/300/7596698017_001.jpg
19,https://cache.ymall.jp/webcom/item/multiimage/300/7869868017_001.jpg
20,https://cache.ymall.jp/webcom/item/multiimage/300/7858102016_001.jpg
