商品名,商品URL,価格,画像
ウェーブ　パーツ・オープナー(HT-196)工具,https://www.yamada-denkiweb.com/7585290017,¥304,7585290017.jpg
バンダイスピリッツ　　＜ゴウザウラー＞　HG　マグナザウラー,https://www.yamada-denkiweb.com/4120286016,¥5200,4120286016.jpg
バンダイ　アクションベースアクションベース02グレー,https://www.yamada-denkiweb.com/8995123018,¥325,8995123018.jpg
ゴッドハンド　ブレードワンニッパー(GH-PN-120),https://www.yamada-denkiweb.com/7650377018,¥3420,7650377018.jpg
タミヤ　先細薄刃ニッパー(ゲートカット用)(74123)工具,https://www.yamada-denkiweb.com/7596754010,¥2019,7596754010.jpg
バンダイ　No.191　RX-78-2　ガンダム,https://www.yamada-denkiweb.com/7658314015,¥695,7658314015.jpg
タミヤ　クラフトツール　薄刃ニッパー(ゲートカット用)(74035),https://www.yamada-denkiweb.com/7597521017,¥2019,7597521017.jpg
タミヤ　GP.420　ニッケル水素電池ネオチャンプ(2本)(15420),https://www.yamada-denkiweb.com/8969620017,¥667,8969620017.jpg
バンダイ(BANDAI)　HGUC　1/144　ユニコーンガンダム3号機　フェネクス(デストロイモード)(ナラティブVer．)ゴールドコーティング　機動戦士ガンダムNT,https://www.yamada-denkiweb.com/7655692017,¥4000,7655692017.jpg
バンダイ　HGUC　1/144　百式,https://www.yamada-denkiweb.com/7863087018,¥1334,7863087018.jpg
バンダイスピリッツ　RG　機動戦士ガンダムUC　フルアーマー・ユニコーンガンダム,https://www.yamada-denkiweb.com/7656845016,¥4320,7656845016.jpg
バンダイ(BANDAI)　ＨＧＵＣ　020　ジム,https://www.yamada-denkiweb.com/8851203014,¥486,8851203014.jpg
バンダイRGシリーズRG01　　RX-78-2　　ガンダム,https://www.yamada-denkiweb.com/8967722010,¥1750,8967722010.jpg
バンダイスピリッツ　1/144　RG　クロスボーン・ガンダムX1(機動戦士クロスボーン・ガンダム),https://www.yamada-denkiweb.com/7659798012,¥2000,7659798012.jpg
SB　C&S　micro:bit　アドバンスセット/MB-B001　ロボット　/　目指せ未来のエンジニア！　/　わかりやすい学習教材付き,https://www.yamada-denkiweb.com/7790106011,¥6880,7790106011.jpg
バンダイ　ガンダムプラモデルガンプラアクションベース02ブラック,https://www.yamada-denkiweb.com/8994369011,¥315,8994369011.jpg
バンダイ(BANDAI)　ＭＧ　ダブルゼータガンダム　Ver.Kａ,https://www.yamada-denkiweb.com/7650396019,¥4612,7650396019.jpg
バンダイ　HGUC　1/144　RX-78-2ガンダム,https://www.yamada-denkiweb.com/7596698017,¥741,7596698017.jpg
バンダイ　アクションベース5　クリア,https://www.yamada-denkiweb.com/7869868017,¥400,7869868017.jpg
バンダイ　RG10　ゼータガンダム,https://www.yamada-denkiweb.com/7858102016,¥2102,7858102016.jpg
